ts,cpu_total_pct,mem_used_bytes,mem_total_bytes,proc_rss_bytes,disk_read_bytes,disk_write_bytes,net_bytes_sent,net_bytes_recv
1760284423.1805835,0.0,7080353792,270310711296,658096128,57071811584,6976821711872,8506555623536,1017624638708
1760284425.474043,0.8,7073959936,270310711296,698658816,57094000640,6976821728256,8506555925277,1017657581922
1760284425.9816918,1.0,7080681472,270310711296,721727488,57098701824,6976821728256,8506555975353,1017660273406
1760284426.4845965,1.1,7085338624,270310711296,735342592,57105623040,6976821728256,8506556031701,1017666629553
1760284426.9875324,0.8,7094669312,270310711296,738676736,57106448384,6976821728256,8506556087257,1017667392000
1760284427.4904478,1.1,7098187776,270310711296,742035456,57106448384,6976821728256,8506556141095,1017667443782
1760284429.964014,1.0,7181434880,270310711296,890032128,57160089600,6976821728256,8506556576487,1017731337944
1760284430.4693081,0.8,7194472448,270310711296,917819392,57162516480,6976821912576,8506556633185,1017735628068
1760284431.6566525,0.6,7266467840,270310711296,1010356224,57162516480,6976821986304,8506556868793,1017775202012
1760284432.1618876,0.7,7276601344,270310711296,1012977664,57162516480,6976821986304,8506556935525,1017776465279
1760284432.6651604,0.3,7279955968,270310711296,1015599104,57162516480,6976821986304,8506557010329,1017778602127
1760284433.1687117,0.6,7272927232,270310711296,1018744832,57162516480,6976821986304,8506557068589,1017780346704
1760284433.676809,0.4,7273684992,270310711296,1019793408,57162785792,6976821986304,8506557214337,1017781084564
1760284434.181005,0.7,7292133376,270310711296,1021366272,57162796032,6976821986304,8506557596834,1017781479780
1760284434.6876407,0.5,7283716096,270310711296,1021890560,57162796032,6976821986304,8506557899368,1017781725854
1760284435.2031934,0.8,7317004288,270310711296,1051275264,57162796032,6976821986304,8506558039488,1017781813804
1760284435.7067945,1.7,7431405568,270310711296,1118474240,57162796032,6976821986304,8506558039840,1017781814229
1760284436.2130396,1.6,7530000384,270310711296,1257345024,57162796032,6976821986304,8506558040252,1017781814977
1760284436.716133,1.7,7655260160,270310711296,1387888640,57162796032,6976822047744,8506558040604,1017781815402
1760284437.219131,1.6,7778086912,270310711296,1508478976,57162796032,6976822047744,8506558041501,1017781816534
1760284437.7592652,1.7,7895248896,270310711296,1609142272,57162796032,6976822047744,8506558041857,1017781817175
1760284438.2627053,1.6,8002678784,270310711296,1680142336,57162796032,6976822047744,8506558042271,1017781817607
1760284438.7657602,1.7,8132644864,270310711296,1823592448,57162796032,6976822047744,8506558042717,1017781817970
1760284439.2687612,1.6,8252563456,270310711296,1963044864,57162796032,6976822047744,8506558043548,1017781818976
1760284439.7717376,1.6,8360742912,270310711296,2065805312,57162796032,6976822047744,8506558043548,1017781818976
1760284440.311483,1.7,8450650112,270310711296,2170667008,57162796032,6976822047744,8506558044734,1017781820207
1760284440.8161254,1.6,8548532224,270310711296,2240823296,57162796032,6976822047744,8506558073252,1017781820921
1760284441.319077,1.7,8666615808,270310711296,2377977856,57162796032,6976822047744,8506558074439,1017781822469
1760284441.8221126,1.6,8784920576,270310711296,2510618624,57162796032,6976822047744,8506558074529,1017781822469
1760284442.3250747,1.8,8904171520,270310711296,2631204864,57162796032,6976822047744,8506558075513,1017781823766
1760284442.8282104,1.6,9048137728,270310711296,2731917312,57162796032,6976822047744,8506558075726,1017781823898
1760284443.3997838,1.8,9149353984,270310711296,2802462720,57162796032,6976822047744,8506558076168,1017781824599
1760284443.9027514,1.6,9252528128,270310711296,2943217664,57162796032,6976822047744,8506558076168,1017781824599
1760284444.405736,1.8,9371414528,270310711296,3054366720,57162796032,6976822047744,8506558076520,1017781825236
1760284444.9088318,1.6,9508642816,270310711296,3192250368,57162796032,6976822047744,8506558076872,1017781825597
1760284445.4118822,1.6,9604861952,270310711296,3299729408,57162796032,6976822047744,8506558076872,1017781825597
1760284445.91515,1.8,9713672192,270310711296,3402493952,57162796032,6976822047744,8506558104118,1017781826430
1760284446.4680057,1.6,9809055744,270310711296,3470872576,57162796032,6976822047744,8506558104118,1017781826430
1760284446.9744923,1.7,9872146432,270310711296,3606208512,57162796032,6976822047744,8506558104828,1017781827171
1760284447.477385,1.6,9975443456,270310711296,3728375808,57162796032,6976822047744,8506558105749,1017781828340
1760284447.9803848,1.9,10108006400,270310711296,3861012480,57162796032,6976822047744,8506558106101,1017781828717
1760284448.523925,1.6,10216017920,270310711296,3961679872,57162796032,6976822047744,8506558106101,1017781829041
1760284449.0272357,1.9,10331914240,270310711296,4072833024,57162796032,6976822047744,8506558106807,1017781829843
1760284449.5307057,1.6,10437865472,270310711296,4140691456,57162796032,6976822047744,8506558106807,1017781829843
1760284450.0342448,1.8,10539585536,270310711296,4287803392,57162796032,6976822047744,8506558107439,1017781831027
1760284450.5372252,2.0,10662408192,270310711296,4392136704,57162796032,6976822047744,8506558108932,1017781832524
1760284451.0403123,2.5,12072652800,270310711296,6390194176,57162796032,6976822047744,8506558134240,1017781832914
1760284451.5433776,3.4,13325922304,270310711296,7656873984,57162796032,6976822047744,8506558135665,1017781834445
1760284452.0463395,1.9,13613948928,270310711296,7948722176,57162796032,6976822047744,8506558136156,1017781834965
1760284452.549209,3.0,14515384320,270310711296,8844218368,57162796032,6976822047744,8506558137582,1017781836507
1760284453.0527577,2.2,14996791296,270310711296,9330757632,57162796032,6976822047744,8506558137582,1017781836507
1760284453.5557091,1.8,15238107136,270310711296,9550958592,57162796032,6976822047744,8506558137722,1017781836752
1760284454.0588264,1.7,15433822208,270310711296,9764868096,57162796032,6976822047744,8506558139008,1017781838430
1760284454.5621088,1.6,15651905536,270310711296,9985069056,57162796032,6976822047744,8506558139008,1017781838690
1760284455.065078,1.9,15874600960,270310711296,10205270016,57162796032,6976822047744,8506558140082,1017781840206
1760284455.5679169,1.6,16100392960,270310711296,10427568128,57162796032,6976822047744,8506558140082,1017781840206
1760284456.0708015,1.7,16321212416,270310711296,10651963392,57162796032,6976822047744,8506558141139,1017781841646
1760284456.573626,1.6,16545464320,270310711296,10876358656,57162796032,6976822047744,8506558141139,1017781841646
1760284457.0764894,1.9,16763838464,270310711296,11096559616,57162796032,6976822047744,8506558143047,1017781843722
1760284457.5793421,1.6,16933912576,270310711296,11261997056,57162796032,6976822047744,8506558144670,1017781844735
1760284458.0823448,1.5,16938639360,270310711296,11261997056,57162924032,6976822047744,8506558145450,1017781845419
1760284458.5851293,1.6,16939155456,270310711296,11261997056,57162924032,6976822047744,8506558146161,1017781846179
1760284459.0880067,1.6,16943271936,270310711296,11261997056,57162924032,6976822047744,8506558146161,1017781846179
1760284459.590867,1.7,16945971200,270310711296,11261997056,57162924032,6976822047744,8506558146161,1017781846179
1760284460.0935702,1.6,16946733056,270310711296,11261997056,57162924032,6976822047744,8506558146971,1017781847553
1760284460.5964344,1.6,16952926208,270310711296,11261997056,57162924032,6976822047744,8506558146971,1017781847553
1760284461.099261,1.6,16952926208,270310711296,11261997056,57162924032,6976822047744,8506558147792,1017781848727
1760284461.6017425,1.6,16959217664,270310711296,11261997056,57162924032,6976822047744,8506558148506,1017781849508
1760284462.1046894,1.6,16959877120,270310711296,11261997056,57162924032,6976822047744,8506558149095,1017781849987
1760284462.6079726,1.6,16957267968,270310711296,11261997056,57162924032,6976822047744,8506558149807,1017781851156
1760284463.1108367,1.6,16957399040,270310711296,11261997056,57162924032,6976822047744,8506558150213,1017781851577
1760284463.6136334,1.7,16960016384,270310711296,11261997056,57162924032,6976822047744,8506571355786,1017781922801
1760284464.1164656,1.6,16959983616,270310711296,11261997056,57162924032,6976822047744,8506571355786,1017781922801
1760284464.6193182,1.6,16965144576,270310711296,11261997056,57162924032,6976822047744,8506571356145,1017781923561
1760284465.1221912,1.6,16967077888,270310711296,11261997056,57162924032,6976822047744,8506571356575,1017781924117
1760284465.625076,1.6,16964210688,270310711296,11261997056,57162924032,6976822047744,8506571356575,1017781924117
1760284466.1278954,1.6,16963899392,270310711296,11261997056,57162924032,6976822047744,8506571358136,1017781925845
1760284466.6307955,1.5,16968798208,270310711296,11261997056,57162924032,6976822047744,8506571358226,1017781926169
1760284467.1355376,1.6,16968884224,270310711296,11261997056,57162924032,6976822047744,8506571360274,1017781928215
1760284467.6383693,1.6,16969142272,270310711296,11261997056,57162924032,6976822047744,8506571360274,1017781928817
1760284468.141175,1.7,16964431872,270310711296,11261997056,57162924032,6976822047744,8506571361473,1017781930182
1760284468.6440356,1.6,16964431872,270310711296,11261997056,57162924032,6976822047744,8506571406893,1017781930572
1760284469.146993,2.8,16975077376,270310711296,11261997056,57162924032,6976822047744,8506663801239,1017782432008
1760284469.6503162,1.6,16975994880,270310711296,11261997056,57162924032,6976822047744,8506663801239,1017782432008
1760284470.1531518,1.6,16979124224,270310711296,11261997056,57162924032,6976822047744,8506663802084,1017782432931
1760284470.6560574,1.6,16979124224,270310711296,11261997056,57162924032,6976822047744,8506663802084,1017782432931
1760284471.1589012,1.6,16982441984,270310711296,11261997056,57162924032,6976822047744,8506663803333,1017782434313
1760284471.6617136,1.6,16982441984,270310711296,11261997056,57162924032,6976822047744,8506663803843,1017782434706
1760284472.164521,1.6,16977502208,270310711296,11261997056,57162924032,6976822047744,8506663805588,1017782436528
1760284472.667379,1.6,16977502208,270310711296,11261997056,57162924032,6976822047744,8506663805949,1017782436968
1760284473.1702166,1.6,16980492288,270310711296,11262521344,57162924032,6976822047744,8506663807198,1017782438666
1760284473.6730409,1.6,16980492288,270310711296,11262521344,57162924032,6976822047744,8506663807648,1017782439041
1760284474.1758654,1.6,16980197376,270310711296,11262521344,57162924032,6976822047744,8506663808891,1017782440729
1760284474.6787379,1.6,16979968000,270310711296,11262521344,57162924032,6976822047744,8506663809071,1017782440989
1760284475.1815608,1.6,16973099008,270310711296,11262521344,57162924032,6976822047744,8506663810683,1017782443055
1760284475.6843889,1.6,16973357056,270310711296,11262521344,57162924032,6976822047744,8506663810683,1017782443055
1760284476.187204,1.6,16976191488,270310711296,11263045632,57162924032,6976822047744,8506663811943,1017782444426
1760284476.6900735,1.6,16975953920,270310711296,11263045632,57162924032,6976822047744,8506663811943,1017782444426
1760284477.1929302,1.7,16979140608,270310711296,11263045632,57162924032,6976822047744,8506663813963,1017782446421
1760284477.6957302,1.6,16982740992,270310711296,11263045632,57162924032,6976822047744,8506663813963,1017782446421
1760284478.198559,1.6,16982499328,270310711296,11263045632,57162924032,6976822047744,8506663814783,1017782447298
1760284478.7014403,1.6,16976793600,270310711296,11263045632,57162924032,6976822047744,8506663814873,1017782447298
1760284479.204316,1.6,16976064512,270310711296,11263045632,57162924032,6976822047744,8506663815692,1017782448503
1760284479.7071402,1.6,16978644992,270310711296,11263045632,57162924032,6976822047744,8506663816055,1017782448879
1760284480.209979,1.6,16976510976,270310711296,11263045632,57162924032,6976822047744,8506663817765,1017782450781
1760284480.7127922,1.6,16995078144,270310711296,11239976960,57162924032,6976822047744,8506663818125,1017782451158
1760284481.2156515,1.6,16993996800,270310711296,11246792704,57162924032,6976822047744,8506663818944,1017782452027
1760284481.7184954,1.6,17004806144,270310711296,11238928384,57162924032,6976822047744,8506663819307,1017782453318
1760284482.2213438,1.6,17004392448,270310711296,11245744128,57162924032,6976822047744,8506663820629,1017782454710
1760284482.724186,1.6,17006714880,270310711296,11237879808,57162924032,6976822047744,8506663820629,1017782454770
1760284483.227078,1.6,17006239744,270310711296,11245219840,57162924032,6976822047744,8506663821451,1017782455672
1760284483.7298968,1.6,17009065984,270310711296,11237355520,57162924032,6976822047744,8506663821541,1017782455672
1760284484.2327065,1.6,17008431104,270310711296,11244171264,57162924032,6976822047744,8506663822617,1017782456791
1760284484.7355156,1.6,17010495488,270310711296,11236306944,57162924032,6976822047744,8506663822617,1017782457051
1760284485.2383816,2.4,17038336000,270310711296,11243122688,57162924032,6976822047744,8506663823382,1017782457850
1760284485.7411442,3.1,17061068800,270310711296,11236171776,57162924032,6976822047744,8506663823382,1017782458174
1760284486.2440853,3.3,17077895168,270310711296,11242463232,57162924032,6976822047744,8506663824550,1017782459281
1760284486.746978,3.2,17090273280,270310711296,11236171776,57162924032,6976822047744,8506663824640,1017782459605
1760284487.266919,2.6,17089572864,270310711296,11241938944,57162924032,6976822047744,8506663825960,1017782461020
1760284487.7697704,1.7,17109164032,270310711296,11248754688,57162924032,6976822047744,8506663826312,1017782461710
1760284488.2725725,1.6,17102147584,270310711296,11240890368,57162924032,6976822047744,8506663826729,1017782462178
1760284488.775414,1.7,17102905344,270310711296,11248230400,57162924032,6976822047744,8506663827085,1017782462543
1760284489.27827,1.7,17104494592,270310711296,11240366080,57162924032,6976822047744,8506663827502,1017782463010
1760284489.7810922,1.7,17123831808,270310711296,11247706112,57162924032,6976822047744,8506663828125,1017782463448
1760284490.2839265,1.6,17117896704,270310711296,11239841792,57162924032,6976822047744,8506663828125,1017782463587
1760284490.786756,1.5,17115402240,270310711296,11246657536,57162924032,6976822047744,8506663828125,1017782463587
1760284491.289579,1.7,17135091712,270310711296,11239317504,57162924032,6976822047744,8506663829045,1017782464405
1760284491.7924516,1.6,17135349760,270310711296,11246133248,57162924032,6976822047744,8506663829135,1017782464405
1760284492.295249,1.9,17168011264,270310711296,11238268928,57162924032,6976822047744,8506663830753,1017782466342
1760284492.7980785,1.6,17162031104,270310711296,11245608960,57162924032,6976822047744,8506663830753,1017782466342
1760284493.3009624,1.6,17155948544,270310711296,11237744640,57162924032,6976822047744,8506663831167,1017782467101
1760284493.8037732,1.7,17176313856,270310711296,11245084672,57162924032,6976822047744,8506663831523,1017782467467
1760284494.3065941,1.6,17167839232,270310711296,11237220352,57162924032,6976822047744,8506663831938,1017782468226
1760284494.8094218,1.7,17169231872,270310711296,11244560384,57162924032,6976822047744,8506663832292,1017782468911
1760284495.3122816,1.6,17162784768,270310711296,11236704256,57162924032,6976822047744,8506663832292,1017782468911
1760284495.8151388,1.7,17182486528,270310711296,11244044288,57162924032,6976822047744,8506663832644,1017782469336
1760284496.3179681,1.6,17166426112,270310711296,11236229120,57162924032,6976822047744,8506663833056,1017782469760
1760284496.820765,1.7,17167618048,270310711296,11244093440,57162924032,6976822047744,8506663833408,1017782470185
1760284497.3235893,1.6,17161691136,270310711296,11236265984,57162924032,6976822047744,8506663834305,1017782470993
1760284497.826449,1.6,17161691136,270310711296,11243606016,57162924032,6976822047744,8506663834305,1017782471271
1760284498.3293474,1.7,17179832320,270310711296,11236311040,57162924032,6976822047744,8506663835164,1017782472390
1760284498.8321915,1.6,17177325568,270310711296,11243126784,57162924032,6976822047744,8506663835164,1017782472390
1760284499.3350565,1.9,17191854080,270310711296,11236306944,57162924032,6976822047744,8506663836706,1017782474446
1760284499.8378973,1.6,17191854080,270310711296,11243122688,57162924032,6976822047744,8506663836706,1017782474446
1760284500.3470259,5.1,17117556736,270310711296,11264094208,57162924032,6976822047744,8506937594097,1017783937372
1760284500.8499124,3.2,17133182976,270310711296,11241562112,57162924032,6976822047744,8507077535522,1017784702582
1760284501.352753,1.6,17124552704,270310711296,11249426432,57162924032,6976822047744,8507077536356,1017784703444
1760284501.855572,1.8,17128923136,270310711296,11241553920,57162924032,6976822047744,8507077536709,1017784703806
1760284502.3583877,1.6,17128431616,270310711296,11248893952,57162924032,6976822047744,8507077537200,1017784704187
1760284502.8612225,1.7,17149009920,270310711296,11241603072,57162924032,6976822047744,8507077537553,1017784704549
1760284503.3640642,1.6,17162702848,270310711296,11248943104,57162924032,6976822047744,8507077537643,1017784704549
1760284503.8671255,1.9,17174056960,270310711296,11240984576,57162924032,6976822047744,8507077537995,1017784704926
1760284504.3699868,1.6,17173094400,270310711296,11248324608,57162924032,6976822047744,8507077537995,1017784705186
1760284504.8728135,1.6,17172549632,270310711296,11240951808,57162924032,6976822047744,8507077537995,1017784705510
1760284505.375682,2.0,17184161792,270310711296,11248291840,57162924032,6976822047744,8507077538839,1017784706559
1760284505.8784754,3.3,17175126016,270310711296,11240439808,57162924032,6976822047744,8507193832159,1017785332113
1760284506.3813198,1.6,17171091456,270310711296,11247779840,57162924032,6976822047744,8507193832791,1017785332733
1760284506.8841496,1.6,17164546048,270310711296,11239919616,57162924032,6976822047744,8507193832791,1017785333057
1760284507.3870313,2.2,17186807808,270310711296,11247783936,57162924032,6976822092800,8507193834864,1017785335086
1760284507.8898947,1.6,17196765184,270310711296,11239936000,57162924032,6976822092800,8507193834864,1017785335086
1760284508.3927257,1.9,17203347456,270310711296,11247276032,57162924032,6976822092800,8507193835570,1017785335822
1760284508.8955219,1.6,17204523008,270310711296,11239407616,57162924032,6976822092800,8507193835570,1017785335822
1760284509.398359,1.6,17193738240,270310711296,11246747648,57162924032,6976822092800,8507193835570,1017785335822
1760284509.9011981,2.1,17216237568,270310711296,11238875136,57162924032,6976822092800,8507193836274,1017785336565
1760284510.40409,1.6,17205964800,270310711296,11246215168,57162924032,6976822092800,8507193836364,1017785336565
1760284510.907337,1.8,17209569280,270310711296,11238350848,57162924032,6976822092800,8507193837076,1017785337741
1760284511.4102159,1.6,17197715456,270310711296,11245690880,57162924032,6976822092800,8507193837076,1017785337741
1760284511.913083,1.9,17189527552,270310711296,11238334464,57162924032,6976822092800,8507193838149,1017785339282
1760284512.4159093,1.6,17187274752,270310711296,11245674496,57162924032,6976822121472,8507193838640,1017785339802
1760284512.9187062,1.6,17188786176,270310711296,11237826560,57162924032,6976822121472,8507193838999,1017785340179
1760284513.4215426,2.1,17196773376,270310711296,11245690880,57162924032,6976822121472,8507193840788,1017785342514
1760284513.9243782,1.6,17198452736,270310711296,11237859328,57162924032,6976822121472,8507193840788,1017785342514
1760284514.4272077,1.7,17201238016,270310711296,11245199360,57162924032,6976822121472,8507193840928,1017785343019
1760284514.9300342,1.8,17212899328,270310711296,11237339136,57162924032,6976822121472,8507193841499,1017785343527
1760284515.4329193,1.6,17212096512,270310711296,11245203456,57162924032,6976822121472,8507193841499,1017785343527
1760284515.935741,1.7,17210769408,270310711296,11237343232,57162924032,6976822121472,8507193841851,1017785343896
1760284516.4385564,1.7,17228148736,270310711296,11245207552,57162924032,6976822121472,8507193842917,1017785345000
1760284516.9413896,1.6,17219768320,270310711296,11237330944,57162924032,6976822121472,8507193842917,1017785345000
1760284517.4442842,1.8,17229787136,270310711296,11245195264,57162924032,6976822121472,8507193844119,1017785346587
1760284517.947147,1.6,17229819904,270310711296,11237343232,57162924032,6976822121472,8507193844119,1017785346587
1760284518.4499862,1.6,17229443072,270310711296,11245207552,57162924032,6976822121472,8507193844478,1017785347356
1760284518.9528258,1.6,17229459456,270310711296,11237310464,57162924032,6976822121472,8507193844478,1017785347356
1760284519.4556868,1.8,17220169728,270310711296,11244650496,57162924032,6976822121472,8507193844478,1017785347680
1760284519.9583385,1.7,17225539584,270310711296,11237203968,57162924032,6976822121472,8507193845288,1017785348717
1760284520.461184,1.6,17225646080,270310711296,11244544000,57162924032,6976822121472,8507193845288,1017785348717
1760284520.9640167,1.6,17234956288,270310711296,11236671488,57162924032,6976822121472,8507193846001,1017785349409
1760284521.4668624,1.6,17230041088,270310711296,11244011520,57162924032,6976822121472,8507193846001,1017785349409
1760284521.9696999,1.6,17231806464,270310711296,11236093952,57162924032,6976822121472,8507193846813,1017785350288
1760284522.4725,1.6,17223548928,270310711296,11243433984,57162924032,6976822121472,8507193847304,1017785350669
1760284522.9753299,1.6,17233494016,270310711296,11236028416,57162924032,6976822121472,8507193848016,1017785351448
1760284523.4782062,1.6,17230548992,270310711296,11242844160,57162924032,6976822121472,8507193848781,1017785352569
1760284523.9810529,1.6,17232650240,270310711296,11236028416,57162924032,6976822121472,8507193848781,1017785352569
1760284524.4839368,1.6,17232650240,270310711296,11242319872,57162924032,6976822121472,8507193849140,1017785353203
1760284524.9867682,1.6,17223094272,270310711296,11263291392,57162924032,6976822121472,8507193849140,1017785353527
1760284525.4896145,1.6,17212661760,270310711296,11241271296,57162924032,6976822121472,8507193850289,1017785354770
1760284525.992445,1.6,17212264448,270310711296,11248611328,57162924032,6976822121472,8507193850289,1017785355094
1760284526.4952474,1.6,17218752512,270310711296,11240701952,57162924032,6976822121472,8507193851491,1017785356452
1760284526.998084,1.6,17218379776,270310711296,11247517696,57162924032,6976822121472,8507193851850,1017785356825
1760284527.5009341,1.6,17223983104,270310711296,11239653376,57162924032,6976822121472,8507193853179,1017785358405
1760284528.0038166,1.6,17220706304,270310711296,11246993408,57162924032,6976822121472,8507193853542,1017785358776
1760284528.506638,1.7,17216970752,270310711296,11238604800,57162924032,6976822838272,8507193854378,1017785359704
1760284529.009506,1.6,17214095360,270310711296,11245944832,57162924032,6976822838272,8507193855102,1017785360712
1760284529.512347,1.6,17207607296,270310711296,11238080512,57162924032,6976822838272,8507193855532,1017785361208
1760284530.0152123,1.6,17207103488,270310711296,11244896256,57162924032,6976822838272,8507193855532,1017785361532
1760284530.5180407,1.6,17207840768,270310711296,11237031936,57162924032,6976822838272,8507193856467,1017785362455
1760284531.02089,1.6,17207611392,270310711296,11243847680,57162924032,6976822838272,8507193856467,1017785362779
1760284531.5237267,1.6,17209864192,270310711296,11236507648,57162924032,6976822838272,8507193857820,1017785364111
1760284532.0265605,1.6,17209180160,270310711296,11243323392,57162924032,6976822838272,8507193858311,1017785364816
1760284532.5293665,1.6,17211760640,270310711296,11235983360,57162924032,6976822838272,8507193859515,1017785366128
1760284533.0321918,1.6,17211080704,270310711296,11242274816,57162924032,6976822838272,8507193859515,1017785366128
1760284533.5400004,1.6,17205633024,270310711296,11235983360,57162924032,6976822858752,8507193860718,1017785367501
1760284534.0428395,1.6,17205166080,270310711296,11241750528,57162924032,6976822858752,8507193860718,1017785367501
1760284534.5456924,1.6,17204908032,270310711296,11248566272,57162924032,6976822875136,8507193861916,1017785369058
1760284535.0484805,1.6,17207013376,270310711296,11240701952,57162924032,6976822875136,8507193861916,1017785369058
1760284535.5513072,1.6,17206509568,270310711296,11247517696,57162924032,6976822875136,8507193862761,1017785369990
1760284536.054121,1.6,17206386688,270310711296,11239653376,57162924032,6976822875136,8507193863041,1017785370662
1760284536.556972,1.6,17206263808,270310711296,11246993408,57162924032,6976822875136,8507193863604,1017785371250
1760284537.0597916,1.6,17199882240,270310711296,11239129088,57162924032,6976822875136,8507193864866,1017785372434
1760284537.5626483,4.9,17177567232,270310711296,11245944832,57162924032,6976822875136,8507422293262,1017786594388
1760284538.0653865,3.7,17179099136,270310711296,11262197760,57162924032,6976822875136,8507616343860,1017787658244
1760284538.568255,1.6,17178951680,270310711296,11262197760,57162924032,6976822875136,8507616343950,1017787658568
1760284539.0710852,1.6,17173475328,270310711296,11262197760,57162924032,6976822875136,8507616344363,1017787659006
1760284539.5739331,1.6,17173721088,270310711296,11262197760,57162924032,6976822883328,8507616344453,1017787659006
1760284540.07673,1.6,17189146624,270310711296,11262197760,57162924032,6976822883328,8507616346480,1017787660894
1760284540.5795615,1.6,17189146624,270310711296,11262197760,57162924032,6976822883328,8507616346480,1017787660894
1760284541.0823703,1.6,17192067072,270310711296,11262197760,57162924032,6976822883328,8507616346893,1017787661327
1760284541.585187,1.6,17191616512,270310711296,11262197760,57162924032,6976822883328,8507616347346,1017787661699
1760284542.0879998,1.6,17164890112,270310711296,11262197760,57162924032,6976822883328,8507616348250,1017787662655
1760284542.590849,1.6,17164632064,270310711296,11262197760,57162924032,6976822883328,8507616348340,1017787662979
1760284543.0936928,2.6,17148837888,270310711296,11262197760,57162924032,6976822883328,8507718383608,1017788213469
1760284543.596518,1.6,17149407232,270310711296,11262197760,57162924032,6976822883328,8507718383608,1017788213469
1760284544.0993388,1.6,17156259840,270310711296,11262197760,57162924032,6976822883328,8507718384428,1017788214696
1760284544.6021788,1.6,17155928064,270310711296,11262197760,57162924032,6976822883328,8507718384428,1017788214956
1760284545.1050174,1.6,17153568768,270310711296,11262197760,57162924032,6976822883328,8507718384841,1017788215713
1760284545.6078618,1.6,17163534336,270310711296,11262197760,57162924032,6976822883328,8507718384981,1017788215947
1760284546.1106935,1.7,17171513344,270310711296,11262197760,57162924032,6976822883328,8507718386418,1017788217284
1760284546.6135006,1.7,17179516928,270310711296,11262197760,57162924032,6976822883328,8507718386418,1017788217284
1760284547.1160676,2.6,17194389504,270310711296,11262197760,57162924032,6976822883328,8507718388091,1017788219065
1760284547.6189406,1.6,17189769216,270310711296,11262197760,57162924032,6976822883328,8507718388091,1017788219065
1760284548.1217492,1.7,17206034432,270310711296,11262197760,57162924032,6976822883328,8507718388860,1017788219899
1760284548.6246035,1.7,17224564736,270310711296,11262197760,57162924032,6976822883328,8507718389306,1017788220264
1760284549.127452,1.6,17223352320,270310711296,11262197760,57162924032,6976822883328,8507718389723,1017788221055
1760284549.6302574,1.7,17226952704,270310711296,11262197760,57162924032,6976822883328,8507718389723,1017788221055
1760284550.133077,1.8,17227042816,270310711296,11262197760,57162924032,6976822883328,8507718390219,1017788222116
1760284550.6359203,1.6,17231413248,270310711296,11262197760,57162924032,6976822883328,8507718390525,1017788222248
1760284551.1387556,1.6,17223569408,270310711296,11262197760,57162924032,6976822883328,8507718391089,1017788223025
1760284551.6415713,1.7,17247567872,270310711296,11262197760,57162924032,6976822883328,8507718391445,1017788223391
1760284552.1444097,1.6,17238409216,270310711296,11262197760,57162924032,6976822883328,8507718392351,1017788224206
1760284552.6472774,1.7,17239941120,270310711296,11262197760,57162924032,6976822883328,8507718392707,1017788224572
1760284553.1501558,1.6,17239863296,270310711296,11262197760,57162924032,6976822883328,8507718393121,1017788225007
1760284553.6529872,1.7,17240326144,270310711296,11262197760,57162924032,6976822883328,8507718393477,1017788225373
1760284554.155836,1.6,17241374720,270310711296,11262197760,57162924032,6976822883328,8507718393892,1017788225808
1760284554.6587107,1.7,17241784320,270310711296,11262197760,57162924032,6976822883328,8507718394032,1017788226301
1760284555.161524,1.6,17227169792,270310711296,11262197760,57162924032,6976822883328,8507718394246,1017788226493
1760284555.6643534,1.6,17227145216,270310711296,11262197760,57162924032,6976822883328,8507718394246,1017788226817
1760284556.1671646,1.7,17229828096,270310711296,11262197760,57162924032,6976822883328,8507718395010,1017788227666
1760284556.6700144,1.6,17229828096,270310711296,11262197760,57162924032,6976822883328,8507718395010,1017788228050
1760284557.172873,2.1,17252286464,270310711296,11262197760,57162924032,6976822883328,8507718396614,1017788229778
1760284557.6757002,1.6,17252286464,270310711296,11262197760,57162924032,6976822883328,8507718396614,1017788230380
1760284558.1784973,1.6,17245634560,270310711296,11262197760,57162924032,6976822883328,8507718397028,1017788230812
1760284558.681357,1.7,17263247360,270310711296,11262197760,57162924032,6976822883328,8507718397730,1017788231391
1760284559.1841967,1.6,17258590208,270310711296,11262197760,57162924032,6976822883328,8507718398561,1017788232397
1760284559.6870694,1.7,17277956096,270310711296,11262197760,57162924032,6976822883328,8507718398916,1017788232760
1760284560.189964,1.7,17266040832,270310711296,11262197760,57162924032,6976822883328,8507718400273,1017788234377
1760284560.693247,1.7,17289228288,270310711296,11262197760,57162924032,6976822883328,8507718400626,1017788234739
1760284561.196171,1.6,17287147520,270310711296,11262197760,57162924032,6976822883328,8507718401460,1017788235601
1760284561.6989932,1.7,17301868544,270310711296,11262197760,57162924032,6976822883328,8507718401813,1017788236287
1760284562.2018552,1.6,17301622784,270310711296,11262197760,57162924032,6976822883328,8507718402304,1017788236668
1760284562.7046983,1.6,17311997952,270310711296,11262197760,57162924032,6976822883328,8507718402444,1017788237222
1760284563.2075331,1.7,17319792640,270310711296,11262197760,57162924032,6976822883328,8507718402657,1017788237354
1760284563.7103493,1.6,17313275904,270310711296,11262197760,57162924032,6976822883328,8507718402747,1017788237354
1760284564.2132628,1.9,17312051200,270310711296,11262197760,57162924032,6976822883328,8507718403099,1017788238055
1760284564.7163773,1.6,17312169984,270310711296,11262197760,57162924032,6976822883328,8507718403099,1017788238315
1760284565.2192647,2.2,17338970112,270310711296,11262197760,57162924032,6976822883328,8507718404089,1017788239430
1760284565.7221806,1.6,17344589824,270310711296,11262197760,57162924032,6976822883328,8507718404155,1017788239562
1760284566.2250476,1.6,17340727296,270310711296,11262197760,57162924032,6976822883328,8507718404295,1017788239807
1760284566.7278907,1.8,17344774144,270310711296,11262197760,57162924032,6976822883328,8507718404865,1017788240369
1760284567.2308066,1.6,17341071360,270310711296,11262197760,57162924032,6976822883328,8507718405786,1017788241214
1760284567.7336223,1.9,17356181504,270310711296,11262197760,57162924032,6976822883328,8507718406228,1017788241591
1760284568.2364442,1.6,17351700480,270310711296,11262197760,57162924032,6976822883328,8507718406228,1017788241915
1760284568.7392497,1.8,17349836800,270310711296,11262197760,57162924032,6976822883328,8507718406934,1017788242651
1760284569.2421253,2.0,17265364992,270310711296,11262197760,57162924032,6976822883328,8507749206906,1017788407657
1760284569.74496,2.0,17291866112,270310711296,11262197760,57162924032,6976822883328,8507749207398,1017788408268
1760284570.2478561,1.7,17291538432,270310711296,11262197760,57162924032,6976822883328,8507749207610,1017788408724
1760284570.7511415,1.7,17297649664,270310711296,11262197760,57162924032,6976822883328,8507749207750,1017788408969
1760284571.2540314,1.7,17297625088,270310711296,11262197760,57162924032,6976822883328,8507749208322,1017788409576
1760284571.7568557,1.6,17300074496,270310711296,11262197760,57162924032,6976822883328,8507749208322,1017788409576
1760284572.2596815,1.9,17305583616,270310711296,11262197760,57162924032,6976822883328,8507749209886,1017788411313
1760284572.7624967,1.6,17301454848,270310711296,11262197760,57162924032,6976822883328,8507749209976,1017788411313
1760284573.2653637,2.1,17334132736,270310711296,11262197760,57162924032,6976822883328,8507749212124,1017788413701
1760284573.7681954,1.6,17332350976,270310711296,11262197760,57162924032,6976822883328,8507749212124,1017788413701
1760284574.2711723,3.4,17253490688,270310711296,11262197760,57162924032,6976822883328,8507861087004,1017789003473
1760284574.7741616,4.4,17264144384,270310711296,11262197760,57162924032,6976822883328,8508096834443,1017790288736
1760284575.277032,1.6,17267478528,270310711296,11262197760,57162924032,6976822883328,8508096834443,1017790288736
1760284575.779895,1.7,17284272128,270310711296,11262197760,57162924032,6976822883328,8508096835148,1017790289860
1760284576.2827418,1.6,17287819264,270310711296,11262197760,57162924032,6976822883328,8508096835148,1017790289860
1760284576.7855968,1.7,17296760832,270310711296,11262197760,57162924032,6976822883328,8508096835951,1017790290989
1760284577.2884643,1.6,17290326016,270310711296,11262197760,57162924032,6976822883328,8508096836442,1017790291509
1760284577.7912962,1.6,17296097280,270310711296,11262197760,57162924032,6976822883328,8508096836941,1017790292120
1760284578.294121,1.7,17319837696,270310711296,11262197760,57162924032,6976822883328,8508096837153,1017790292252
1760284578.7969837,1.6,17319108608,270310711296,11262197760,57162924032,6976822883328,8508096837153,1017790292252
1760284579.299855,1.7,17322012672,270310711296,11262197760,57162924032,6976822883328,8508096837512,1017790292631
1760284579.8026822,1.6,17318121472,270310711296,11262197760,57162924032,6976822883328,8508096837970,1017790293102
1760284580.3054879,1.6,17310470144,270310711296,11262197760,57162924032,6976822883328,8508096837970,1017790293241
1760284580.8083336,1.6,17307557888,270310711296,11262197760,57162924032,6976822883328,8508096838068,1017790293663
1760284581.3112402,1.6,17307758592,270310711296,11262197760,57162924032,6976822883328,8508096838427,1017790294107
1760284581.8145185,1.6,17301913600,270310711296,11262197760,57162924032,6976822883328,8508096839239,1017790295310
1760284582.31734,1.6,17293520896,270310711296,11262197760,57162924032,6976822883328,8508096839730,1017790295691
1760284582.820197,1.6,17288241152,270310711296,11262197760,57162924032,6976822883328,8508096840442,1017790296794
1760284583.3230636,1.6,17307340800,270310711296,11238862848,57162924032,6976822883328,8508096841207,1017790297591
1760284583.8259327,1.6,17303289856,270310711296,11246202880,57162924032,6976822883328,8508096841207,1017790297591
1760284584.3287275,1.6,17286365184,270310711296,11238338560,57162924032,6976822883328,8508096841566,1017790297965
1760284584.831549,1.6,17281667072,270310711296,11245678592,57162924032,6976822883328,8508096841566,1017790298285
1760284585.3344085,1.6,17282723840,270310711296,11237814272,57162924032,6976822883328,8508096842070,1017790298855
1760284585.8372352,1.6,17273638912,270310711296,11245154304,57162924032,6976822883328,8508096842715,1017790299654
1760284586.3400667,1.6,17267425280,270310711296,11237289984,57162924032,6976822883328,8508096843557,1017790300575
1760284586.8429134,1.6,17265369088,270310711296,11244630016,57162924032,6976822883328,8508096844276,1017790301445
1760284587.3457649,1.6,17268211712,270310711296,11237289984,57162924032,6976822883328,8508096845605,1017790303071
1760284587.8485818,1.6,17268211712,270310711296,11244105728,57162924032,6976822883328,8508096845968,1017790303720
1760284588.3514016,1.8,17269862400,270310711296,11236765696,57162924032,6976822883328,8508096846804,1017790304972
1760284588.8542411,1.6,17267077120,270310711296,11244105728,57162924032,6976822883328,8508096847528,1017790305980
1760284589.3570902,1.6,17269870592,270310711296,11236241408,57162924032,6976822883328,8508096847958,1017790306892
1760284589.8599186,1.6,17269612544,270310711296,11243581440,57162924032,6976822883328,8508096847958,1017790306892
1760284590.3627062,1.6,17263857664,270310711296,11235717120,57162924032,6976822883328,8508096848803,1017790307973
1760284590.8656147,1.6,17263407104,270310711296,11243057152,57162924032,6976822883328,8508096848803,1017790308065
1760284591.3684602,1.6,17263947776,270310711296,11235717120,57162924032,6976822883328,8508096850156,1017790309397
1760284591.8713124,1.6,17260974080,270310711296,11243057152,57162924032,6976822883328,8508096850156,1017790309489
1760284592.374133,1.6,17268760576,270310711296,11235717120,57162924032,6976822883328,8508096851851,1017790311274
1760284592.8769639,1.6,17268350976,270310711296,11242532864,57162924032,6976822883328,8508096851851,1017790311274
1760284593.379768,1.6,17268989952,270310711296,11235717120,57162924032,6976822883328,8508096853054,1017790313063
1760284593.8827457,1.6,17268989952,270310711296,11242532864,57162924032,6976822883328,8508096853054,1017790313063
1760284594.3855374,1.6,17258790912,270310711296,11235745792,57162924032,6976822883328,8508096853981,1017790314569
1760284594.8883855,1.6,17258315776,270310711296,11242037248,57162924032,6976822883328,8508096854598,1017790315160
1760284595.3912454,1.6,17260118016,270310711296,11235766272,57162924032,6976822883328,8508096855443,1017790316092
1760284595.8941216,1.5,17259622400,270310711296,11242057728,57162924032,6976822883328,8508096855443,1017790316416
1760284596.3969195,1.6,17261637632,270310711296,11235790848,57162924032,6976822883328,8508096856286,1017790317352
1760284596.8997202,1.6,17260638208,270310711296,11241558016,57162924032,6976822883328,8508096856644,1017790317716
1760284597.4139946,1.6,17264865280,270310711296,11235815424,57162924032,6976822883328,8508096857548,1017790318536
1760284597.9168663,1.6,17265041408,270310711296,11241582592,57162924032,6976822883328,8508096857900,1017790318903
1760284598.4284205,1.6,17260744704,270310711296,11235831808,57162924032,6976822883328,8508096858314,1017790319336
1760284598.931256,1.6,17260744704,270310711296,11241598976,57162924032,6976822883328,8508096858314,1017790319336
1760284599.4395316,1.6,17252323328,270310711296,11235868672,57162924032,6976822883328,8508096858727,1017790319774
1760284599.9423785,1.6,17252839424,270310711296,11241635840,57162924032,6976822883328,8508096858727,1017790320098
1760284600.4475522,1.6,17254498304,270310711296,11235880960,57162924032,6976822883328,8508096860754,1017790322052
1760284600.9504066,2.1,17268011008,270310711296,11241648128,57162924032,6976822883328,8508136465368,1017790535004
1760284601.4576516,1.6,17266049024,270310711296,11235934208,57162924032,6976822883328,8508136466144,1017790535809
1760284601.960497,1.6,17265610752,270310711296,11242225664,57162924032,6976822883328,8508136466144,1017790536133
1760284602.4632907,1.6,17274482688,270310711296,11235946496,57162924032,6976822883328,8508136467048,1017790537089
1760284602.9661307,1.6,17274322944,270310711296,11242237952,57162924032,6976822883328,8508136467048,1017790537089
1760284603.4689565,1.6,17270923264,270310711296,11235975168,57162924032,6976822883328,8508136467870,1017790537991
1760284603.9718082,1.6,17270730752,270310711296,11242266624,57162924032,6976822883328,8508136467870,1017790537991
1760284604.4746015,1.6,17270243328,270310711296,11235975168,57162924032,6976822883328,8508136468780,1017790539154
1760284604.9774394,1.6,17270054912,270310711296,11242266624,57162924032,6976822883328,8508136468780,1017790539154
1760284605.480295,1.6,17267482624,270310711296,11235962880,57162924032,6976822883328,8508136469373,1017790539587
1760284605.9831781,3.1,17270972416,270310711296,11242254336,57162924032,6976822883328,8508225242645,1017791010137
1760284606.496543,5.3,17276010496,270310711296,11263750144,57162924032,6976822883328,8508557140038,1017792806786
1760284606.9993718,1.7,17297940480,270310711296,11241660416,57162924032,6976822883328,8508557140457,1017792807291
1760284607.5019364,1.6,17298956288,270310711296,11263680512,57162924032,6976822883328,8508557141777,1017792808891
1760284608.0047944,1.7,17318047744,270310711296,11241631744,57162924032,6976822883328,8508557141917,1017792809125
1760284608.5076141,1.8,17325244416,270310711296,11263651840,57162924032,6976822883328,8508557142992,1017792810414
1760284609.0104187,1.6,17321115648,270310711296,11241627648,57162924032,6976822883328,8508557142992,1017792810414
1760284609.5132482,1.8,17351798784,270310711296,11263647744,57162924032,6976822883328,8508557143765,1017792811246
1760284610.0348918,1.6,17350508544,270310711296,11241619456,57162924032,6976822883328,8508557143765,1017792811385
1760284610.538509,1.6,17352597504,270310711296,11235852288,57162924032,6976822883328,8508557143765,1017792811385
1760284611.0413525,1.7,17362386944,270310711296,11242143744,57162924032,6976822883328,8508557144121,1017792811816
1760284611.544235,1.6,17361612800,270310711296,11235864576,57162924032,6976822883328,8508557144685,1017792812269
1760284612.0470889,1.7,17361244160,270310711296,11241631744,57162924032,6976822883328,8508557145532,1017792813016
1760284612.550702,1.6,17353789440,270310711296,11235856384,57162924032,6976822883328,8508557146037,1017792813774
1760284613.053488,1.6,17360101376,270310711296,11241623552,57162924032,6976822883328,8508557146177,1017792814008
1760284613.560256,1.7,17358557184,270310711296,11235852288,57162924032,6976822883328,8508557147163,1017792815265
1760284614.0631268,1.6,17356005376,270310711296,11241619456,57162924032,6976822883328,8508557147578,1017792815700
1760284614.5709655,1.7,17375232000,270310711296,11235844096,57162924032,6976822883328,8508557147932,1017792816649
1760284615.0738156,1.6,17367343104,270310711296,11241611264,57162924032,6976822883328,8508557147932,1017792816709
1760284615.5797727,1.7,17369509888,270310711296,11235852288,57162924032,6976822883328,8508557148284,1017792817074
1760284616.0826364,1.6,17362804736,270310711296,11242143744,57162924032,6976822883328,8508557148696,1017792817558
1760284616.5854435,1.6,17372254208,270310711296,11236196352,57162924032,6976822883328,8508557148836,1017792817791
1760284617.0882847,1.7,17378951168,270310711296,11242487808,57162924032,6976822883328,8508557149945,1017792818791
1760284617.5911446,1.6,17381707776,270310711296,11236225024,57162924032,6976822883328,8508557150035,1017792819069
1760284618.0940008,1.7,17376632832,270310711296,11242516480,57162924032,6976822883328,8508557150804,1017792819864
1760284618.5968478,1.6,17365770240,270310711296,11236233216,57162924032,6976822883328,8508557150804,1017792819864
1760284619.099701,1.7,17372299264,270310711296,11243048960,57162924032,6976822883328,8508557151991,1017792821557
1760284619.6025178,1.6,17378205696,270310711296,11236241408,57162924032,6976822883328,8508557151991,1017792821557
1760284620.105418,1.8,17370607616,270310711296,11243057152,57162924032,6976822883328,8508557153177,1017792823112
1760284620.6087513,1.7,17383428096,270310711296,11236229120,57162924032,6976822883328,8508557153530,1017792823474
1760284621.1116924,1.6,17379332096,270310711296,11243569152,57162924032,6976822883328,8508557154364,1017792824660
1760284621.6145177,1.7,17379426304,270310711296,11236229120,57162924032,6976822883328,8508557154717,1017792825022
1760284622.1174016,1.6,17377079296,270310711296,11244093440,57162924032,6976822883328,8508557155208,1017792825403
1760284622.620253,1.7,17405034496,270310711296,11236200448,57162924032,6976822883328,8508557155561,1017792825765
1760284623.1231346,1.6,17399910400,270310711296,11244064768,57162924032,6976822883328,8508557155561,1017792825765
1760284623.6260018,1.8,17398865920,270310711296,11236163584,57162924032,6976822883328,8508557155913,1017792826142
1760284624.1288638,1.6,17390477312,270310711296,11244027904,57162924032,6976822883328,8508557156265,1017792826569
1760284624.6316926,1.8,17416785920,270310711296,11236134912,57162924032,6976822883328,8508557156707,1017792827272
1760284625.1345263,1.6,17416708096,270310711296,11243999232,57162924032,6976822883328,8508557156707,1017792827596
1760284625.6373796,1.6,17417023488,270310711296,11236065280,57162924032,6976822883328,8508557156707,1017792827596
1760284626.1402147,1.9,17415655424,270310711296,11243929600,57162924032,6976822883328,8508557157059,1017792828297
1760284626.6431224,1.9,17411350528,270310711296,11236032512,57162924032,6976822883328,8508557157059,1017792828297
1760284627.1461027,2.5,17426948096,270310711296,11243372544,57162924032,6976822883328,8508557158946,1017792830099
1760284627.648941,1.6,17424560128,270310711296,11235962880,57162924032,6976822883328,8508557158946,1017792830423
1760284628.1514442,2.1,17444524032,270310711296,11243302912,57162924032,6976822883328,8508557159650,1017792831177
1760284628.6539638,1.6,17441878016,270310711296,11235938304,57162924032,6976822883328,8508557160004,1017792831536
1760284629.1565099,2.4,17441898496,270310711296,11242754048,57162924032,6976822883328,8508557160708,1017792832279
1760284629.6595583,1.6,17439920128,270310711296,11235905536,57162924032,6976822883328,8508557161060,1017792832660
1760284630.1621222,1.6,17425416192,270310711296,11242721280,57162924032,6976822883328,8508557161060,1017792832660
1760284630.664963,1.9,17428602880,270310711296,11235880960,57162924032,6976822883328,8508557162219,1017792833827
1760284631.1674974,1.6,17426448384,270310711296,11242172416,57162924032,6976822883328,8508557162219,1017792833827
1760284631.6700218,1.9,17448448000,270310711296,11235827712,57162924032,6976822883328,8508557163734,1017792835682
1760284632.1725233,1.6,17442865152,270310711296,11241594880,57162924032,6976822883328,8508557164225,1017792836202
1760284632.6750267,1.9,17432272896,270310711296,11263090688,57162924032,6976822883328,8508557165651,1017792838200
1760284633.1775403,1.6,17431515136,270310711296,11241070592,57162924032,6976822883328,8508557165651,1017792838200
1760284633.6800475,1.6,17431257088,270310711296,11248410624,57162924032,6976822883328,8508557166003,1017792838963
1760284634.1825392,1.9,17421279232,270310711296,11240546304,57162924032,6976822883328,8508557167077,1017792840189
1760284634.6852458,1.6,17421279232,270310711296,11247886336,57162924032,6976822883328,8508557167077,1017792840449
1760284635.1877587,1.9,17435750400,270310711296,11240022016,57162924032,6976822883328,8508557168151,1017792841641
1760284635.6902719,1.6,17435234304,270310711296,11247362048,57162924032,6976822883328,8508557168151,1017792841641
1760284636.1927786,1.8,17443913728,270310711296,11239497728,57162924032,6976822883328,8508557170061,1017792843746
1760284636.695613,1.6,17443909632,270310711296,11246837760,57162924032,6976822883328,8508557170273,1017792843878
1760284637.19845,1.6,17452969984,270310711296,11238973440,57162924032,6976822883328,8508557171263,1017792845075
1760284637.7014353,2.8,17432702976,270310711296,11246837760,57162924032,6976822883328,8508627377221,1017793209602
1760284638.204379,5.2,17385766912,270310711296,11263090688,57162924032,6976822883328,8509008049399,1017795264674
1760284638.7072587,1.7,17369681920,270310711296,11240960000,57162924032,6976822883328,8509029540378,1017795395226
1760284639.2101092,1.6,17368719360,270310711296,11248300032,57162924032,6976822883328,8509029540378,1017795395550
1760284639.712945,1.9,17386663936,270310711296,11240435712,57162924032,6976822883328,8509029541532,1017795396658
1760284640.2157614,1.6,17376210944,270310711296,11247775744,57162924032,6976822883328,8509029541630,1017795397219
1760284640.718601,1.6,17377988608,270310711296,11239911424,57162924032,6976822883328,8509029542353,1017795397971
1760284641.2214317,1.6,17377509376,270310711296,11246727168,57162924032,6976822883328,8509029542451,1017795398069
1760284641.7242486,1.6,17383768064,270310711296,11239387136,57162924032,6976822883328,8509029542451,1017795398069
1760284642.2270722,1.6,17380052992,270310711296,11246202880,57162924032,6976822883328,8509029543754,1017795399329
1760284642.729929,1.6,17381597184,270310711296,11238862848,57162924032,6976822883328,8509029543754,1017795399329
1760284643.23275,1.6,17380356096,270310711296,11245678592,57162924032,6976822883328,8509029544872,1017795400529
1760284643.7355723,1.6,17346400256,270310711296,11238338560,57162924032,6976822883328,8509029544962,1017795400529
1760284644.2383816,1.6,17347579904,270310711296,11245154304,57162924032,6976822883328,8509029545680,1017795401603
1760284644.7412107,1.6,17365573632,270310711296,11262980096,57162924032,6976822883328,8509029545680,1017795401863
1760284645.244062,1.6,17365020672,270310711296,11262980096,57162924032,6976822883328,8509029546469,1017795403058
1760284645.7469382,1.6,17367822336,270310711296,11262980096,57162924032,6976822883328,8509029546829,1017795403430
1760284646.2497964,1.6,17366204416,270310711296,11262980096,57162924032,6976822883328,8509029547671,1017795404675
1760284646.7526393,1.6,17368526848,270310711296,11262980096,57162924032,6976822883328,8509029548390,1017795405551
1760284647.2554967,1.6,17368322048,270310711296,11262980096,57162924032,6976822883328,8509029549719,1017795406853
1760284647.7583232,1.6,17350434816,270310711296,11262980096,57162924032,6976822883328,8509029550082,1017795407502
1760284648.2611465,1.7,17350008832,270310711296,11262980096,57162924032,6976822883328,8509029550918,1017795408430
1760284648.7639995,1.6,17340641280,270310711296,11262980096,57162924032,6976822883328,8509029551642,1017795409233
1760284649.266848,1.6,17340092416,270310711296,11262980096,57162924032,6976822883328,8509029552072,1017795409868
1760284649.7696521,1.6,17348751360,270310711296,11262980096,57162924032,6976822883328,8509029552072,1017795409868
1760284650.2724695,1.6,17347391488,270310711296,11262980096,57162924032,6976822883328,8509029552917,1017795410791
1760284650.7753038,1.6,17337311232,270310711296,11262980096,57162924032,6976822883328,8509029552917,1017795411115
1760284651.278163,1.6,17337135104,270310711296,11262980096,57162924032,6976822883328,8509029554166,1017795412497
1760284651.7809796,1.6,17346146304,270310711296,11262980096,57162924032,6976822883328,8509029554166,1017795412821
1760284652.2838216,1.6,17344823296,270310711296,11262980096,57162924032,6976822883328,8509029556421,1017795414976
1760284652.7866883,1.6,17339920384,270310711296,11262980096,57162924032,6976822883328,8509029556421,1017795415300
1760284653.2895331,1.6,17340207104,270310711296,11262980096,57162924032,6976822883328,8509029558391,1017795417489
1760284653.7923796,1.6,17339367424,270310711296,11262980096,57162924032,6976822883328,8509029558391,1017795417489
1760284654.2952297,1.6,17338503168,270310711296,11262980096,57162924032,6976822883328,8509029559995,1017795419294
1760284654.7981095,1.6,17333858304,270310711296,11262980096,57162924032,6976822883328,8509029559995,1017795419554
1760284655.3010173,1.6,17333411840,270310711296,11262980096,57162924032,6976822883328,8509029561246,1017795420921
1760284655.8038602,1.6,17341628416,270310711296,11262980096,57162924032,6976822883328,8509029561246,1017795420921
1760284656.306717,1.6,17340870656,270310711296,11262980096,57162924032,6976822883328,8509029562506,1017795422292
1760284656.8095608,1.6,17340375040,270310711296,11262980096,57162924032,6976822883328,8509029562864,1017795422980
1760284657.3123949,1.6,17339924480,270310711296,11262980096,57162924032,6976822883328,8509029564174,1017795424244
1760284657.8152354,1.6,17337712640,270310711296,11262980096,57162924032,6976822883328,8509029564526,1017795424935
1760284658.3180616,1.6,17337393152,270310711296,11262980096,57162924032,6976822883328,8509029565346,1017795425812
1760284658.8209064,1.6,17337065472,270310711296,11262980096,57162924032,6976822883328,8509029565602,1017795426352
1760284659.3237445,1.6,17337999360,270310711296,11262980096,57162924032,6976822883328,8509029566421,1017795427233
1760284659.826581,1.6,17337741312,270310711296,11262980096,57162924032,6976822883328,8509029566784,1017795427669
1760284660.329398,1.6,17333825536,270310711296,11262980096,57162924032,6976822883328,8509029568494,1017795429247
1760284660.832244,1.6,17333825536,270310711296,11262980096,57162924032,6976822883328,8509029568494,1017795429247
1760284661.335138,2.1,17345740800,270310711296,11262980096,57162924032,6976822883328,8509029570126,1017795430931
1760284661.8380792,1.7,17341947904,270310711296,11262980096,57162924032,6976822883328,8509029570126,1017795430991
1760284662.3409367,1.9,17345900544,270310711296,11262980096,57162924032,6976822883328,8509029571448,1017795432383
1760284662.8437922,1.6,17346158592,270310711296,11262980096,57162924032,6976822883328,8509029571448,1017795432383
1760284663.3463352,1.6,17348808704,270310711296,11262980096,57162924032,6976822883328,8509029572270,1017795433609
1760284663.848852,1.6,17346469888,270310711296,11262980096,57162924032,6976822883328,8509029572270,1017795433609
1760284664.3513484,1.6,17349541888,270310711296,11262980096,57162924032,6976822883328,8509029573090,1017795434836
1760284664.854185,1.6,17349025792,270310711296,11262980096,57162924032,6976822883328,8509029573090,1017795435096
1760284665.3570406,1.6,17342722048,270310711296,11262980096,57162924032,6976822883328,8509029573503,1017795435853
1760284665.8598616,1.7,17364078592,270310711296,11262980096,57162924032,6976822883328,8509029573855,1017795436279
1760284666.362703,1.6,17359192064,270310711296,11262980096,57162924032,6976822883328,8509029574670,1017795437020
1760284666.865553,3.3,17362173952,270310711296,11262980096,57162924032,6976822883328,8509195154167,1017796317592
