timestamp_utc,bucket_12s,wavelength,filepath,filesize_bytes,hash_md5,exptime,naxis1,naxis2
2017-09-06T12:00:00.620,12_00_00,335,raw\aia.lev1.335A_2017_09_06T12_00_00.62Z.image_lev1.fits,7208640,750260d16995ec361c238fa7c0162156,2.901341,4096,4096
2017-09-06T12:00:07.530,12_00_00,193,raw\aia.lev1.193A_2017_09_06T12_00_07.53Z.image_lev1.fits,6998400,c9ed3690d9d2c65d7fe0bdc327775955,0.004909,4096,4096
2017-09-06T12:00:09.350,12_00_00,171,raw\aia.lev1.171A_2017_09_06T12_00_09.35Z.image_lev1.fits,11649600,4e56fc3ee648e0f2208f4ac4a6f45d65,2.000145,4096,4096
2017-09-06T12:00:10.080,12_00_00,131,raw\aia.lev1.131A_2017_09_06T12_00_10.08Z.image_lev1.fits,6917760,bbe620266a207bf9b275c1fb3846c920,0.019466,4096,4096
2017-09-06T12:00:12.620,12_00_12,335,raw\aia.lev1.335A_2017_09_06T12_00_12.62Z.image_lev1.fits,7205760,7ae2e09e8f9b72b29c67d4d068c00844,2.899768,4096,4096
2017-09-06T12:00:13.360,12_00_12,211,raw\aia.lev1.211A_2017_09_06T12_00_13.36Z.image_lev1.fits,7545600,e6e1ea639f138f34863cdd6f712d6aec,0.175924,4096,4096
2017-09-06T12:00:14.530,12_00_12,94,raw\aia.lev1.94A_2017_09_06T12_00_14.53Z.image_lev1.fits,6451200,0797d6a2ccc69a583cd161d59b868013,0.415761,4096,4096
2017-09-06T12:00:16.830,12_00_12,193,raw\aia.lev1.193A_2017_09_06T12_00_16.83Z.image_lev1.fits,11563200,68449491b577c63bfd8f48ac7620b229,2.000039,4096,4096
2017-09-06T12:00:18.620,12_00_12,131,raw\aia.lev1.131A_2017_09_06T12_00_18.62Z.image_lev1.fits,8694720,6ce4c98d05aa615ba67a35b58bd66b89,2.90137,4096,4096
2017-09-06T12:00:21.340,12_00_12,171,raw\aia.lev1.171A_2017_09_06T12_00_21.34Z.image_lev1.fits,11658240,8148a28a478deec6d6dad032927190b9,2.000159,4096,4096
2017-09-06T12:00:24.630,12_00_24,335,raw\aia.lev1.335A_2017_09_06T12_00_24.63Z.image_lev1.fits,7214400,aa52a878e2abb431e6f8964c2b0a5872,2.900798,4096,4096
2017-09-06T12:00:31.530,12_00_24,193,raw\aia.lev1.193A_2017_09_06T12_00_31.53Z.image_lev1.fits,6998400,96527f44cc20c8ead84809b69b863fff,0.004904,4096,4096
2017-09-06T12:00:33.350,12_00_24,171,raw\aia.lev1.171A_2017_09_06T12_00_33.35Z.image_lev1.fits,11687040,f7bd617ee61d39a594a92aced5957cde,2.000117,4096,4096
2017-09-06T12:00:33.930,12_00_24,131,raw\aia.lev1.131A_2017_09_06T12_00_33.93Z.image_lev1.fits,6926400,feca120a6c2ac3c41acfd5dc97e052e8,0.024352,4096,4096
2017-09-06T12:00:36.620,12_00_36,335,raw\aia.lev1.335A_2017_09_06T12_00_36.62Z.image_lev1.fits,7214400,44d7a3bb88333612443485860b46626b,2.89976,4096,4096
2017-09-06T12:00:37.300,12_00_36,211,raw\aia.lev1.211A_2017_09_06T12_00_37.30Z.image_lev1.fits,7640640,ede261b081c7cbd98e5f311b742d8961,0.208594,4096,4096
2017-09-06T12:00:38.420,12_00_36,94,raw\aia.lev1.94A_2017_09_06T12_00_38.42Z.image_lev1.fits,6482880,d6593ff96e64f842a789f599725b8785,0.497683,4096,4096
2017-09-06T12:00:40.840,12_00_36,193,raw\aia.lev1.193A_2017_09_06T12_00_40.84Z.image_lev1.fits,11594880,bc41752ad9fba45b7dace5af2a7c910a,2.000035,4096,4096
2017-09-06T12:00:42.620,12_00_36,131,raw\aia.lev1.131A_2017_09_06T12_00_42.62Z.image_lev1.fits,8726400,23cd1afe27c27639b4e1b83cca5e6f45,2.901366,4096,4096
2017-09-06T12:00:45.350,12_00_36,171,raw\aia.lev1.171A_2017_09_06T12_00_45.35Z.image_lev1.fits,11666880,79708580ea0225ba40a8b36dd5d4eb24,2.000157,4096,4096
2017-09-06T12:00:48.630,12_00_48,335,raw\aia.lev1.335A_2017_09_06T12_00_48.63Z.image_lev1.fits,7214400,2b3be141df3c3de97a1b3e432794e2ad,2.900802,4096,4096
2017-09-06T12:00:55.520,12_00_48,193,raw\aia.lev1.193A_2017_09_06T12_00_55.52Z.image_lev1.fits,6998400,06530a5315eb0de60a6dcec796ebdef2,0.004904,4096,4096
2017-09-06T12:00:57.350,12_00_48,171,raw\aia.lev1.171A_2017_09_06T12_00_57.35Z.image_lev1.fits,11661120,7f42d8f71e583181f5506c109870fe86,2.000109,4096,4096
2017-09-06T12:00:57.770,12_00_48,131,raw\aia.lev1.131A_2017_09_06T12_00_57.77Z.image_lev1.fits,6932160,e0d0805149387d78e341d4b1db9d4521,0.029181,4096,4096
2017-09-06T12:01:00.470,12_01_00,211,raw\aia.lev1.211A_2017_09_06T12_01_00.47Z.image_lev1.fits,7047360,81b813e9877af5d3d82ab7b1cfca9662,0.039116,4096,4096
2017-09-06T12:01:00.620,12_01_00,335,raw\aia.lev1.335A_2017_09_06T12_01_00.62Z.image_lev1.fits,7211520,745fce49e6b63416ec4b510b6d0edceb,2.900166,4096,4096
2017-09-06T12:01:02.960,12_01_00,94,raw\aia.lev1.94A_2017_09_06T12_01_02.96Z.image_lev1.fits,6356160,d89b213aed3fd73e97660d802858bbed,0.098809,4096,4096
2017-09-06T12:01:04.840,12_01_00,193,raw\aia.lev1.193A_2017_09_06T12_01_04.84Z.image_lev1.fits,11600640,858bd5592a736db6b8b8738b2e35b457,1.998587,4096,4096
2017-09-06T12:01:06.620,12_01_00,131,raw\aia.lev1.131A_2017_09_06T12_01_06.62Z.image_lev1.fits,8752320,01333d6004f7782055868a36edd9b3c1,2.900801,4096,4096
2017-09-06T12:01:09.350,12_01_00,171,raw\aia.lev1.171A_2017_09_06T12_01_09.35Z.image_lev1.fits,11672640,5bdd04cae5ea6abb89debf4247728afc,2.000159,4096,4096
2017-09-06T12:01:12.620,12_01_12,335,raw\aia.lev1.335A_2017_09_06T12_01_12.62Z.image_lev1.fits,7217280,3b12fbfd915d562c8160333bbd9059a0,2.901368,4096,4096
2017-09-06T12:01:19.400,12_01_12,193,raw\aia.lev1.193A_2017_09_06T12_01_19.40Z.image_lev1.fits,7096320,8e2930f1710922a6e84bb2b5ccae1618,0.009781,4096,4096
2017-09-06T12:01:21.360,12_01_12,171,raw\aia.lev1.171A_2017_09_06T12_01_21.36Z.image_lev1.fits,11681280,f7fe3930d528eb513bd441b51956621b,2.000112,4096,4096
2017-09-06T12:01:21.630,12_01_12,131,raw\aia.lev1.131A_2017_09_06T12_01_21.63Z.image_lev1.fits,6943680,3b5cd6d2597c1ff092f55b6b01e91ac3,0.034039,4096,4096
2017-09-06T12:01:24.620,12_01_24,335,raw\aia.lev1.335A_2017_09_06T12_01_24.62Z.image_lev1.fits,7214400,cd219cfc9226926df80d32af630814e6,2.900157,4096,4096
2017-09-06T12:01:25.510,12_01_24,211,raw\aia.lev1.211A_2017_09_06T12_01_25.51Z.image_lev1.fits,7185600,db8e3c90adfa5e860af034173e40a980,0.0693,4096,4096
2017-09-06T12:01:26.940,12_01_24,94,raw\aia.lev1.94A_2017_09_06T12_01_26.94Z.image_lev1.fits,6364800,ff82dd5c55b5296961d16377d8b07d70,0.120913,4096,4096
2017-09-06T12:01:28.840,12_01_24,193,raw\aia.lev1.193A_2017_09_06T12_01_28.84Z.image_lev1.fits,11626560,a8df6e55f7cd2ea26fcb8ff2137cc2ea,2.000034,4096,4096
2017-09-06T12:01:30.620,12_01_24,131,raw\aia.lev1.131A_2017_09_06T12_01_30.62Z.image_lev1.fits,8795520,1204ac59b9984b0a0c5c33b2445bd855,2.900797,4096,4096
2017-09-06T12:01:33.350,12_01_24,171,raw\aia.lev1.171A_2017_09_06T12_01_33.35Z.image_lev1.fits,11678400,d98713fcc003bc71f44618f61a5333b1,2.000158,4096,4096
2017-09-06T12:01:39.790,12_01_36,335,raw\aia.lev1.335A_2017_09_06T12_01_39.79Z.image_lev1.fits,6960960,de1d9dd73de475717a02b276f219e9a4,0.578905,4096,4096
2017-09-06T12:01:43.370,12_01_36,193,raw\aia.lev1.193A_2017_09_06T12_01_43.37Z.image_lev1.fits,7096320,210cf10fcb807e09b828de22774613c7,0.00978,4096,4096
2017-09-06T12:01:45.340,12_01_36,171,raw\aia.lev1.171A_2017_09_06T12_01_45.34Z.image_lev1.fits,11675520,e1432109f3a2958be7a3153435af34ea,2.000174,4096,4096
2017-09-06T12:01:46.500,12_01_36,131,raw\aia.lev1.131A_2017_09_06T12_01_46.50Z.image_lev1.fits,7001280,686971c0fa7df00389035d52d0ad5206,0.069736,4096,4096
2017-09-06T12:01:48.620,12_01_48,335,raw\aia.lev1.335A_2017_09_06T12_01_48.62Z.image_lev1.fits,7217280,634c8ca99953cfa6f24df390ac700f78,2.901357,4096,4096
2017-09-06T12:01:49.470,12_01_48,211,raw\aia.lev1.211A_2017_09_06T12_01_49.47Z.image_lev1.fits,7243200,81c8a10b615bbaedd35e42d83ba8a38d,0.083583,4096,4096
2017-09-06T12:01:50.900,12_01_48,94,raw\aia.lev1.94A_2017_09_06T12_01_50.90Z.image_lev1.fits,6376320,c1c4b53e12750e21e37bbab938bf4b47,0.145474,4096,4096
2017-09-06T12:01:52.840,12_01_48,193,raw\aia.lev1.193A_2017_09_06T12_01_52.84Z.image_lev1.fits,11640960,06c98f2adb5c88c64dd68d9d93a3250d,1.999644,4096,4096
2017-09-06T12:01:54.620,12_01_48,131,raw\aia.lev1.131A_2017_09_06T12_01_54.62Z.image_lev1.fits,8827200,1401c7c8b67139e98c101a803556b479,2.900798,4096,4096
2017-09-06T12:01:57.350,12_01_48,171,raw\aia.lev1.171A_2017_09_06T12_01_57.35Z.image_lev1.fits,11675520,108af13058cba47e48505ab89cd86ccd,2.000157,4096,4096
2017-09-06T12:02:03.640,12_02_00,335,raw\aia.lev1.335A_2017_09_06T12_02_03.64Z.image_lev1.fits,6978240,19cc2c315f8134978c7c330750bc2cd7,0.693596,4096,4096
2017-09-06T12:02:07.380,12_02_00,193,raw\aia.lev1.193A_2017_09_06T12_02_07.38Z.image_lev1.fits,7096320,dad9c73e6f45eec6bc4119298d24b07a,0.009782,4096,4096
2017-09-06T12:02:09.350,12_02_00,171,raw\aia.lev1.171A_2017_09_06T12_02_09.35Z.image_lev1.fits,11672640,34352faf4c83ba1caf6cb5e374f3ba30,2.000173,4096,4096
2017-09-06T12:02:10.530,12_02_00,131,raw\aia.lev1.131A_2017_09_06T12_02_10.53Z.image_lev1.fits,6894720,0196f38f433d46d54e6f9bb466aea2fa,0.004866,4096,4096
2017-09-06T12:02:12.630,12_02_12,335,raw\aia.lev1.335A_2017_09_06T12_02_12.63Z.image_lev1.fits,7217280,a6c5d35d0b58b8636f0c9e912e32b132,2.900161,4096,4096
2017-09-06T12:02:13.480,12_02_12,211,raw\aia.lev1.211A_2017_09_06T12_02_13.48Z.image_lev1.fits,7303680,b318e4e70b4d109d11bc63b2e162178e,0.100221,4096,4096
2017-09-06T12:02:14.860,12_02_12,94,raw\aia.lev1.94A_2017_09_06T12_02_14.86Z.image_lev1.fits,6384960,ff0af103ebf98419a52bf37ebb28c6f7,0.169958,4096,4096
2017-09-06T12:02:16.840,12_02_12,193,raw\aia.lev1.193A_2017_09_06T12_02_16.84Z.image_lev1.fits,11652480,8d28cd74bad5f0670d1e1174631f2d90,2.000032,4096,4096
2017-09-06T12:02:18.620,12_02_12,131,raw\aia.lev1.131A_2017_09_06T12_02_18.62Z.image_lev1.fits,8858880,21e8821d4c6a78448f286fb167c0caac,2.900786,4096,4096
2017-09-06T12:02:21.350,12_02_12,171,raw\aia.lev1.171A_2017_09_06T12_02_21.35Z.image_lev1.fits,11669760,2476f91e099212ebe3a747fc2a6c44f6,2.000155,4096,4096
2017-09-06T12:02:27.440,12_02_24,335,raw\aia.lev1.335A_2017_09_06T12_02_27.44Z.image_lev1.fits,6995520,0dc723c767526048dcb3697c193f17ab,0.832859,4096,4096
2017-09-06T12:02:31.220,12_02_24,193,raw\aia.lev1.193A_2017_09_06T12_02_31.22Z.image_lev1.fits,7185600,062f9ecfa6350559d07da2df4ac94614,0.01468,4096,4096
2017-09-06T12:02:33.340,12_02_24,171,raw\aia.lev1.171A_2017_09_06T12_02_33.34Z.image_lev1.fits,11669760,30dda202346ea5dc8916a56facf206c5,2.000173,4096,4096
2017-09-06T12:02:34.530,12_02_24,131,raw\aia.lev1.131A_2017_09_06T12_02_34.53Z.image_lev1.fits,6894720,89fe7d955d3ad85681d7a38b0a1d83b3,0.004867,4096,4096
2017-09-06T12:02:36.620,12_02_36,335,raw\aia.lev1.335A_2017_09_06T12_02_36.62Z.image_lev1.fits,7214400,cbe00e69e7b0116ac849692957383227,2.900156,4096,4096
2017-09-06T12:02:37.420,12_02_36,211,raw\aia.lev1.211A_2017_09_06T12_02_37.42Z.image_lev1.fits,7384320,0d735f701fc5a69a9e7d7c8c176165d1,0.122984,4096,4096
2017-09-06T12:02:38.810,12_02_36,94,raw\aia.lev1.94A_2017_09_06T12_02_38.81Z.image_lev1.fits,6396480,019f391ac4a1bd947125c53f6fd696b3,0.206857,4096,4096
2017-09-06T12:02:40.840,12_02_36,193,raw\aia.lev1.193A_2017_09_06T12_02_40.84Z.image_lev1.fits,11661120,a159b3a79068f816f9786bd9953579a6,2.000039,4096,4096
2017-09-06T12:02:42.620,12_02_36,131,raw\aia.lev1.131A_2017_09_06T12_02_42.62Z.image_lev1.fits,8890560,aff4983039a733fc48ee16c592c86413,2.900792,4096,4096
2017-09-06T12:02:45.350,12_02_36,171,raw\aia.lev1.171A_2017_09_06T12_02_45.35Z.image_lev1.fits,11666880,8a4a80d2c8cc04f4c30021f7565ca8bd,2.000158,4096,4096
2017-09-06T12:02:51.220,12_02_48,335,raw\aia.lev1.335A_2017_09_06T12_02_51.22Z.image_lev1.fits,7015680,fdae964fd46a1654e9a07154f14e853b,1.000798,4096,4096
2017-09-06T12:02:55.230,12_02_48,193,raw\aia.lev1.193A_2017_09_06T12_02_55.23Z.image_lev1.fits,7185600,c81ae0a2db209ef3effe20cbf6caec49,0.014682,4096,4096
2017-09-06T12:02:57.350,12_02_48,171,raw\aia.lev1.171A_2017_09_06T12_02_57.35Z.image_lev1.fits,11669760,3514e1429ab10243da446eeae0bd3552,2.000171,4096,4096
2017-09-06T12:02:58.380,12_02_48,131,raw\aia.lev1.131A_2017_09_06T12_02_58.38Z.image_lev1.fits,6903360,1f00ab540cdba68e6eed8f5a9eeded07,0.009736,4096,4096
2017-09-06T12:03:00.630,12_03_00,335,raw\aia.lev1.335A_2017_09_06T12_03_00.63Z.image_lev1.fits,7217280,91d3c3388260493ed15be258eb2365df,2.899757,4096,4096
2017-09-06T12:03:01.400,12_03_00,211,raw\aia.lev1.211A_2017_09_06T12_03_01.40Z.image_lev1.fits,7464960,5356df4f4cb7cd15e95e9309b0c266f1,0.147056,4096,4096
2017-09-06T12:03:02.770,12_03_00,94,raw\aia.lev1.94A_2017_09_06T12_03_02.77Z.image_lev1.fits,6413760,fd25fde5ae41346c0c3f15c6249c585d,0.247828,4096,4096
2017-09-06T12:03:04.840,12_03_00,193,raw\aia.lev1.193A_2017_09_06T12_03_04.84Z.image_lev1.fits,11666880,b6bbcc099ef3c6f0396ed8b5a365c90b,2.000034,4096,4096
2017-09-06T12:03:06.620,12_03_00,131,raw\aia.lev1.131A_2017_09_06T12_03_06.62Z.image_lev1.fits,8919360,be8df2177b838e4b811a202df556a6f5,2.90137,4096,4096
2017-09-06T12:03:09.350,12_03_00,171,raw\aia.lev1.171A_2017_09_06T12_03_09.35Z.image_lev1.fits,11666880,36b3173b9432ac2f5cbb1f8ab21eb787,2.000157,4096,4096
2017-09-06T12:03:14.930,12_03_12,335,raw\aia.lev1.335A_2017_09_06T12_03_14.93Z.image_lev1.fits,7044480,87fb6e648d832097daf03199c1918d8a,1.20095,4096,4096
2017-09-06T12:03:19.070,12_03_12,193,raw\aia.lev1.193A_2017_09_06T12_03_19.07Z.image_lev1.fits,7266240,48e5bfaba22723447bdf7588bdd45283,0.019553,4096,4096
2017-09-06T12:03:21.340,12_03_12,171,raw\aia.lev1.171A_2017_09_06T12_03_21.34Z.image_lev1.fits,11672640,23f072f047c5ff279f9b753b908c7d07,2.000172,4096,4096
2017-09-06T12:03:22.370,12_03_12,131,raw\aia.lev1.131A_2017_09_06T12_03_22.37Z.image_lev1.fits,6906240,db0279d53abc26b8819de0368aba12ab,0.009738,4096,4096
2017-09-06T12:03:24.620,12_03_24,335,raw\aia.lev1.335A_2017_09_06T12_03_24.62Z.image_lev1.fits,7220160,3de2123d8440729a0f44d4a67c0ca147,2.900152,4096,4096
2017-09-06T12:03:24.770,12_03_24,211,raw\aia.lev1.211A_2017_09_06T12_03_24.77Z.image_lev1.fits,7004160,eef045d9fefe45d20f62608c36de49cf,0.029328,4096,4096
2017-09-06T12:03:26.690,12_03_24,94,raw\aia.lev1.94A_2017_09_06T12_03_26.69Z.image_lev1.fits,6436800,c35d073347619321e5e219ee535da241,0.296982,4096,4096
2017-09-06T12:03:28.840,12_03_24,193,raw\aia.lev1.193A_2017_09_06T12_03_28.84Z.image_lev1.fits,11664000,f488887f8b5a69a98d39d2449a63bff8,1.999045,4096,4096
2017-09-06T12:03:30.620,12_03_24,131,raw\aia.lev1.131A_2017_09_06T12_03_30.62Z.image_lev1.fits,8942400,5298bd58ef586dd4ea4c813303c078e6,2.900796,4096,4096
2017-09-06T12:03:33.350,12_03_24,171,raw\aia.lev1.171A_2017_09_06T12_03_33.35Z.image_lev1.fits,11672640,d03adb19727e58bc896318aee528da94,2.000157,4096,4096
2017-09-06T12:03:38.610,12_03_36,335,raw\aia.lev1.335A_2017_09_06T12_03_38.61Z.image_lev1.fits,7070400,2c42fe3deaa4bb2e22752780e7044347,1.443168,4096,4096
2017-09-06T12:03:43.530,12_03_36,193,raw\aia.lev1.193A_2017_09_06T12_03_43.53Z.image_lev1.fits,7001280,69c9a42d6b4dadf0744494bcdd76d04e,0.004902,4096,4096
2017-09-06T12:03:45.350,12_03_36,171,raw\aia.lev1.171A_2017_09_06T12_03_45.35Z.image_lev1.fits,11669760,7e3c467fd04b76a29ab3b0b9e82b2458,2.000169,4096,4096
2017-09-06T12:03:46.380,12_03_36,131,raw\aia.lev1.131A_2017_09_06T12_03_46.38Z.image_lev1.fits,6903360,4e59af337d21f245d61500d3d1df87ed,0.009735,4096,4096
2017-09-06T12:03:48.620,12_03_48,335,raw\aia.lev1.335A_2017_09_06T12_03_48.62Z.image_lev1.fits,7220160,a0f2a8a63c125bc747c8997f3f13f0e6,2.899741,4096,4096
2017-09-06T12:03:49.510,12_03_48,211,raw\aia.lev1.211A_2017_09_06T12_03_49.51Z.image_lev1.fits,7027200,f18740a6ae6f1d58bd2330bb0e82c636,0.004899,4096,4096
2017-09-06T12:03:50.620,12_03_48,94,raw\aia.lev1.94A_2017_09_06T12_03_50.62Z.image_lev1.fits,6456960,14d02cc45c1e60e83641389bd7b463b8,0.354326,4096,4096
2017-09-06T12:03:52.840,12_03_48,193,raw\aia.lev1.193A_2017_09_06T12_03_52.84Z.image_lev1.fits,11652480,f1d0b72f0873ace1541a986056bfc298,1.999044,4096,4096
2017-09-06T12:03:54.620,12_03_48,131,raw\aia.lev1.131A_2017_09_06T12_03_54.62Z.image_lev1.fits,8962560,7a2bd8dabd6b33e30188481d91318847,2.901374,4096,4096
2017-09-06T12:03:57.350,12_03_48,171,raw\aia.lev1.171A_2017_09_06T12_03_57.35Z.image_lev1.fits,11666880,a70f7b4365b8f332ed33a594d092fb86,2.000158,4096,4096
